Dental Care Stick Mini 7 Unidades.,1.99 €,https://www.petsonic.com/13016-large_default/affinity-advance-dental-care-stick-mini-para-perros.jpg
Dental Care Stick Mini 28 Unidades,6.49 €,https://www.petsonic.com/13016-large_default/affinity-advance-dental-care-stick-mini-para-perros.jpg
Dental Care Stick Medium 7 Unidades.,2.49 €,https://www.petsonic.com/14135-large_default/affinity-advance-dental-care-stick-medium-para-perros.jpg
Dental Care Stick Medium 28 Unidades,6.99 €,https://www.petsonic.com/14135-large_default/affinity-advance-dental-care-stick-medium-para-perros.jpg
Snack Dentalife para Perro X-Small 7 Unidades.,1.99 €,https://www.petsonic.com/15574-large_default/snack-dentalife-para-perro-x-small.jpg
Snack Dentalife para Perro X-Small 21 unidades,3.99 €,https://www.petsonic.com/15574-large_default/snack-dentalife-para-perro-x-small.jpg
Snack Dentalife para Perros Mini 7 Unidades.,1.99 €,https://www.petsonic.com/11184-large_default/purina-pro-plan-snack-dentalife-mini-para-perros.jpg
Snack Dentalife para Perros Mini 21 unidades,4.49 €,https://www.petsonic.com/11184-large_default/purina-pro-plan-snack-dentalife-mini-para-perros.jpg
Snack Dentalife para Perros Medianos 5 Unidades.,1.99 €,https://www.petsonic.com/11186-large_default/purina-pro-plan-snack-dentalife-medianos-para-perros.jpg
Snack Dentalife para Perros Medianos 15 Unidades.,4.49 €,https://www.petsonic.com/11186-large_default/purina-pro-plan-snack-dentalife-medianos-para-perros.jpg
Snack Dentalife para Perros Grandes 4 Unidades,1.99 €,https://www.petsonic.com/11189-large_default/purina-pro-plan-snack-dentalife-grandes-para-perros.jpg
Snack Dentalife para Perros Grandes 12 Unidades.,3.99 €,https://www.petsonic.com/11189-large_default/purina-pro-plan-snack-dentalife-grandes-para-perros.jpg
Dentastix 5-10 Kg Sticks Dentales 7 barritas,2.49 €,https://www.petsonic.com/10752-large_default/pedigree-dentastix-5-10-kg-sticks-dentales-para-perros.jpg
Dentastix 5-10 Kg Sticks Dentales 28 barritas(7x4),6.99 €,https://www.petsonic.com/10752-large_default/pedigree-dentastix-5-10-kg-sticks-dentales-para-perros.jpg
Dentastix 10-25Kg Sticks Dentales 7 barritas,2.99 €,https://www.petsonic.com/10753-large_default/pedigree-dentastix-10-25kg-sticks-dentales-para-perros.jpg
Dentastix 10-25Kg Sticks Dentales 28 barritas(7x4),9.49 €,https://www.petsonic.com/10753-large_default/pedigree-dentastix-10-25kg-sticks-dentales-para-perros.jpg
Pedigree Dentastix +25 Kg 7 Unidades.,3.49 €,https://www.petsonic.com/8480-large_default/pedigree-dentastix-25-kg-para-perros.jpg
Pedigree Dentastix +25 Kg 28 barritas(7x4),10.99 €,https://www.petsonic.com/8480-large_default/pedigree-dentastix-25-kg-para-perros.jpg
Limpiador Dental Masticable para Perros 140 gr,6.49 €,https://www.petsonic.com/15895-large_default/bayer-limpiador-dental-masticable-para-perros.jpg
Veggie Dent Limpieza Dental XS,4.99 €,https://www.petsonic.com/16466-large_default/virbac-veggie-dent-limpieza-dental-para-perros.jpg
Veggie Dent Limpieza Dental S,5.99 €,https://www.petsonic.com/16466-large_default/virbac-veggie-dent-limpieza-dental-para-perros.jpg
Veggie Dent Limpieza Dental M,7.49 €,https://www.petsonic.com/16466-large_default/virbac-veggie-dent-limpieza-dental-para-perros.jpg
Veggie Dent Limpieza Dental L,7.99 €,https://www.petsonic.com/16466-large_default/virbac-veggie-dent-limpieza-dental-para-perros.jpg
Greenies Petite 10 Unidades (170 GR),7.99 €,https://www.petsonic.com/14138-large_default/greenies-petite-para-perros.jpg
Greenies Petite 20 Unidades (340 GR),15.50 €,https://www.petsonic.com/14138-large_default/greenies-petite-para-perros.jpg
Greenies Petite 2x 20 Unidades (680 GR),29.45 €,https://www.petsonic.com/14138-large_default/greenies-petite-para-perros.jpg
Greenies Teenie 22 Unidades (170 GR),7.95 €,https://www.petsonic.com/14139-large_default/greenies-teenie-para-perros.jpg
Greenies Teenie 43 Unidades (340 GR),15.50 €,https://www.petsonic.com/14139-large_default/greenies-teenie-para-perros.jpg
Greenies Teenie 2x 43 Unidades (680 GR),29.45 €,https://www.petsonic.com/14139-large_default/greenies-teenie-para-perros.jpg
Greenies Regular 6 Unidades (170 GR),7.99 €,https://www.petsonic.com/14140-large_default/greenies-regular-para-perros.jpg
Greenies Regular 12 Unidades (340 GR),15.50 €,https://www.petsonic.com/14140-large_default/greenies-regular-para-perros.jpg
Greenies Regular 2x 12 Unidades (680 GR),29.45 €,https://www.petsonic.com/14140-large_default/greenies-regular-para-perros.jpg
Greenies Large 4 Unidades (170 GR),7.99 €,https://www.petsonic.com/14141-large_default/greenies-large-para-perros.jpg
Greenies Large 2x 4 Unidades (340 GR),15.20 €,https://www.petsonic.com/14141-large_default/greenies-large-para-perros.jpg
Greenies Large 5x 4 Unidades (850 GR),37.95 €,https://www.petsonic.com/14141-large_default/greenies-large-para-perros.jpg
Biscuits Dental Bar 150gr. 1 Unidad.,2.99 €,https://www.petsonic.com/13407-large_default/purina-pro-plan-biscuits-dental-bar-150gr-para-perros.jpg
Biscuits Dental Bar 150gr. 6 Unidades.,16.50 €,https://www.petsonic.com/13407-large_default/purina-pro-plan-biscuits-dental-bar-150gr-para-perros.jpg
Asta de Ciervo para Perro S,4.49 €,https://www.petsonic.com/11246-large_default/natural-horn-asta-ciervo-para-perros.jpg
Asta de Ciervo para Perro M,6.49 €,https://www.petsonic.com/11246-large_default/natural-horn-asta-ciervo-para-perros.jpg
Asta de Ciervo para Perro L,10.99 €,https://www.petsonic.com/11246-large_default/natural-horn-asta-ciervo-para-perros.jpg
Asta de Ciervo para Perro XL,15.99 €,https://www.petsonic.com/11246-large_default/natural-horn-asta-ciervo-para-perros.jpg
Asta de Ciervo para Perro XXL,18.99 €,https://www.petsonic.com/11246-large_default/natural-horn-asta-ciervo-para-perros.jpg
Huesos Marrowbone  Nylon Rellenos para Perro 9 cm,3.49 €,https://www.petsonic.com/14039-large_default/the-company-of-animals-huesos-marrowbone-nylon-rellenos-para-perros.jpg
Huesos Marrowbone  Nylon Rellenos para Perro 11.5 cm,4.49 €,https://www.petsonic.com/14039-large_default/the-company-of-animals-huesos-marrowbone-nylon-rellenos-para-perros.jpg
Huesos Marrowbone  Nylon Rellenos para Perro 13.5 cm,6.99 €,https://www.petsonic.com/14039-large_default/the-company-of-animals-huesos-marrowbone-nylon-rellenos-para-perros.jpg
Huesos Marrowbone  Nylon Rellenos para Perro 19 cm,8.99 €,https://www.petsonic.com/14039-large_default/the-company-of-animals-huesos-marrowbone-nylon-rellenos-para-perros.jpg
Huesos Marrowbone  Nylon Rellenos para Perro 23 cm,11.99 €,https://www.petsonic.com/14039-large_default/the-company-of-animals-huesos-marrowbone-nylon-rellenos-para-perros.jpg
Hueso Nylon Sabores Gourmet para Perro Pollo,5.99 €,https://www.petsonic.com/11956-large_default/tasty-bone-hueso-nylon-sabores-gourmet-para-perros.jpg
Hueso Nylon Sabores Gourmet para Perro Faisan,5.99 €,https://www.petsonic.com/11956-large_default/tasty-bone-hueso-nylon-sabores-gourmet-para-perros.jpg
Hueso Nylon Sabores Gourmet para Perro Ciervo,5.99 €,https://www.petsonic.com/11956-large_default/tasty-bone-hueso-nylon-sabores-gourmet-para-perros.jpg
Hueso Nylon Sabores Gourmet para Perro Ternera.,5.99 €,https://www.petsonic.com/11956-large_default/tasty-bone-hueso-nylon-sabores-gourmet-para-perros.jpg
Hueso Nylon Sabores Gourmet para Perro Salmón,5.99 €,https://www.petsonic.com/11956-large_default/tasty-bone-hueso-nylon-sabores-gourmet-para-perros.jpg
Hueso Nylon Sabores Gourmet para Perro Langostino a la Barbacoa,5.99 €,https://www.petsonic.com/11956-large_default/tasty-bone-hueso-nylon-sabores-gourmet-para-perros.jpg
Hueso Nylon Sabores Gourmet para Perro Pato,5.99 €,https://www.petsonic.com/11956-large_default/tasty-bone-hueso-nylon-sabores-gourmet-para-perros.jpg
